"Country","iso_code","Weighted_Mean_WASH"
"South Africa","ZAF",0.91330990043667
"Gambia","GMB",0.823907907959289
"Senegal","SEN",0.802617145990724
"Namibia","NAM",0.790012651930324
"Gabon","GAB",0.75721183934483
"Mauritania","MRT",0.745641645018927
"Burundi","BDI",0.725439309848428
"Eritrea","ERI",0.721743948420923
"Eswatini","SWZ",0.71510221903524
"Mali","MLI",0.709158179331843
"Djibouti","DJI",0.703473473816491
"Cameroon","CMR",0.702195043279318
"Côte d’Ivoire","CIV",0.696995593022945
"Rwanda","RWA",0.691715296020654
"Equatorial Guinea","GNQ",0.691454014537333
"Botswana","BWA",0.688216774710491
"Niger","NER",0.68748802567649
"Guinea-Bissau","GNB",0.680635392478275
"Malawi","MWI",0.672665705198636
"Lesotho","LSO",0.670951375118698
"Tanzania","TZA",0.662459438552434
"Zimbabwe","ZWE",0.662058780328196
"Benin","BEN",0.657335789147988
"Mauritius","MUS",0.652038403607705
"Mozambique","MOZ",0.648942010779253
"Sudan","SDN",0.636079830581882
"Ghana","GHA",0.632553810776352
"Ethiopia","ETH",0.632285282277345
"Democratic Republic of Congo","COD",0.628818837492083
"Zambia","ZMB",0.627881103961787
"Uganda","UGA",0.626706892794371
"Somalia","SOM",0.625693855744158
"Guinea","GIN",0.624492614086196
"Egypt","EGY",0.623425482693694
"Algeria","DZA",0.623169665276618
"Central African Republic","CAF",0.617233034109766
"Congo","COG",0.615583176673851
"Burkina Faso","BFA",0.601725306457315
"Libya","LBY",0.598510493332224
"Morocco","MAR",0.590317250426666
"Cape Verde","CPV",0.589372176640901
"Kenya","KEN",0.584967034702986
"Chad","TCD",0.573613963043043
"Angola","AGO",0.560481455872782
"Togo","TGO",0.55466060190345
"Nigeria","NGA",0.544526656403238
"Tunisia","TUN",0.537055868531713
"Sierra Leone","SLE",0.534945174424985
"Madagascar","MDG",0.528217104281256
"Liberia","LBR",0.472575435224552
"South Sudan","SSD",0.468515955633462
